{
  "detailed": {
    "CHO02": {
      "TCD": {
        "MAE": 1.0265241431832675,
        "MSE": 1.7272732852683725,
        "RMSE": 1.3142576936310368,
        "R²": 0.8977224572453226,
        "MAPE": 17.980992514856453,
        "N_points": 11,
        "Min_true": 0.3,
        "Max_true": 12.5,
        "Min_pred": 0.3,
        "Max_pred": 13.504362639908006
      },
      "Glucose": {
        "MAE": 0.42562145405852336,
        "MSE": 0.5028141528936021,
        "RMSE": 0.7090938956820896,
        "R²": 0.7465823371370965,
        "MAPE": 94.01656178790273,
        "N_points": 11,
        "Min_true": 0.1,
        "Max_true": 4.5,
        "Min_pred": 0.0,
        "Max_pred": 4.5
      },
      "Lactate": {
        "MAE": 0.5132776902951902,
        "MSE": 0.43872195700366545,
        "RMSE": 0.6623608963425192,
        "R²": 0.7889543928381993,
        "MAPE": 22.049686709560977,
        "N_points": 11,
        "Min_true": 0.15,
        "Max_true": 4.4,
        "Min_pred": 0.15,
        "Max_pred": 4.847826215107652
      },
      "Ammonium": {
        "MAE": 0.8402201261026494,
        "MSE": 1.2958637745409582,
        "RMSE": 1.138360125154144,
        "R²": -1.18216570481464,
        "MAPE": 81.07481367048408,
        "N_points": 11,
        "Min_true": 0.03,
        "Max_true": 2.4,
        "Min_pred": 0.03,
        "Max_pred": 0.03765788207443849
      },
      "Titer": {
        "MAE": 0.10218252935241026,
        "MSE": 0.017719482476943937,
        "RMSE": 0.13311454645133242,
        "R²": 0.9618831871894276,
        "MAPE": 48.71730774737647,
        "N_points": 11,
        "Min_true": 0.0,
        "Max_true": 2.08,
        "Min_pred": 0.0,
        "Max_pred": 2.22454311384041
      },
      "Viability": {
        "MAE": 0.0032476019237272853,
        "MSE": 2.075697033494347e-05,
        "RMSE": 0.004555981818987371,
        "R²": 0.9630104063250639,
        "MAPE": 0.3586042897332685,
        "N_points": 11,
        "Min_true": 0.87,
        "Max_true": 0.95,
        "Min_pred": 0.871785283041,
        "Max_pred": 0.95
      },
      "_summary": {
        "Mean_R2": 0.4858809477566747,
        "Std_R2": 0.836430179917559,
        "Mean_MAPE": 34.03628098640225,
        "Std_MAPE": 28.155968254618383,
        "N_variables": 6,
        "Glucose_excluded": true
      }
    },
    "CHO03": {
      "TCD": {
        "MAE": 2.673501754414758,
        "MSE": 11.128317391218454,
        "RMSE": 3.335913276933088,
        "R²": 0.730882264292331,
        "MAPE": 22.793081403758542,
        "N_points": 9,
        "Min_true": 0.5,
        "Max_true": 18.0,
        "Min_pred": 0.5,
        "Max_pred": 14.248044419099841
      },
      "Glucose": {
        "MAE": 0.7415934516325238,
        "MSE": 1.9114978160971643,
        "RMSE": 1.382569280758532,
        "R²": 0.2749984870581085,
        "MAPE": 187.9630862198946,
        "N_points": 9,
        "Min_true": 0.3,
        "Max_true": 5.5,
        "Min_pred": 0.0,
        "Max_pred": 5.5
      },
      "Lactate": {
        "MAE": 0.7921453810781488,
        "MSE": 0.9157589102684128,
        "RMSE": 0.9569529300171523,
        "R²": 0.9112827751085499,
        "MAPE": 13.886650375182255,
        "N_points": 9,
        "Min_true": 0.1,
        "Max_true": 9.5,
        "Min_pred": 0.1,
        "Max_pred": 10.413517665307559
      },
      "Ammonium": {
        "MAE": 0.8543447155018691,
        "MSE": 1.1914732832423205,
        "RMSE": 1.0915462808522232,
        "R²": -1.4657469581662737,
        "MAPE": 92.73579701651965,
        "N_points": 9,
        "Min_true": 0.0,
        "Max_true": 2.1,
        "Min_pred": 0.03,
        "Max_pred": 0.0514667085034397
      },
      "Titer": {
        "MAE": 0.10602472659187662,
        "MSE": 0.01875901098475026,
        "RMSE": 0.13696353888809334,
        "R²": 0.9859684191544485,
        "MAPE": 29.944616930474417,
        "N_points": 9,
        "Min_true": 0.0,
        "Max_true": 3.4,
        "Min_pred": 0.0,
        "Max_pred": 3.080940276157232
      },
      "Viability": {
        "MAE": 0.016034821607760694,
        "MSE": 0.0005487542921931324,
        "RMSE": 0.02342550516409694,
        "R²": 0.8768040530275949,
        "MAPE": 1.772526825786089,
        "N_points": 9,
        "Min_true": 0.78,
        "Max_true": 0.98,
        "Min_pred": 0.7666485465189978,
        "Max_pred": 0.98
      },
      "_summary": {
        "Mean_R2": 0.40783811068333015,
        "Std_R2": 0.9404572052131992,
        "Mean_MAPE": 32.226534510344194,
        "Std_MAPE": 31.68395798677624,
        "N_variables": 6,
        "Glucose_excluded": true
      }
    },
    "CHO04": {
      "TCD": {
        "MAE": 1.6523627173530804,
        "MSE": 3.796515359535754,
        "RMSE": 1.9484648725434477,
        "R²": 0.9085589018476679,
        "MAPE": 14.15885533067689,
        "N_points": 13,
        "Min_true": 0.4,
        "Max_true": 19.0,
        "Min_pred": 0.4,
        "Max_pred": 19.784990608565344
      },
      "Glucose": {
        "MAE": 0.4912577490726431,
        "MSE": 0.4560587787345121,
        "RMSE": 0.675321241139735,
        "R²": 0.5047298958608628,
        "MAPE": 80.56229442792927,
        "N_points": 13,
        "Min_true": 0.4,
        "Max_true": 4.0,
        "Min_pred": 0.0,
        "Max_pred": 4.0
      },
      "Lactate": {
        "MAE": 1.3601943851578822,
        "MSE": 2.65183821878956,
        "RMSE": 1.6284465661450362,
        "R²": 0.7854623070927946,
        "MAPE": 22.05939496085529,
        "N_points": 13,
        "Min_true": 0.15,
        "Max_true": 11.0,
        "Min_pred": 0.15,
        "Max_pred": 9.386835767806323
      },
      "Ammonium": {
        "MAE": 1.2659203631726714,
        "MSE": 2.7025932932650005,
        "RMSE": 1.6439565971353989,
        "R²": -1.4335337392707848,
        "MAPE": 84.01823988769698,
        "N_points": 13,
        "Min_true": 0.04,
        "Max_true": 3.2,
        "Min_pred": 0.04,
        "Max_pred": 0.055664255313780324
      },
      "Titer": {
        "MAE": 0.44083212167619235,
        "MSE": 0.4854314611932465,
        "RMSE": 0.6967291160797333,
        "R²": 0.8971786362993462,
        "MAPE": 35.232048942168845,
        "N_points": 13,
        "Min_true": 0.0,
        "Max_true": 6.4,
        "Min_pred": 0.0,
        "Max_pred": 8.554064002242418
      },
      "Viability": {
        "MAE": 0.011990705573852093,
        "MSE": 0.00025908331180730476,
        "RMSE": 0.016096065103226465,
        "R²": 0.9800104639812662,
        "MAPE": 1.5673130031431737,
        "N_points": 13,
        "Min_true": 0.6,
        "Max_true": 0.96,
        "Min_pred": 0.5606821553671759,
        "Max_pred": 0.96
      },
      "_summary": {
        "Mean_R2": 0.42753531399005806,
        "Std_R2": 0.9326164363788254,
        "Mean_MAPE": 31.407170424908237,
        "Std_MAPE": 28.48809118336183,
        "N_variables": 6,
        "Glucose_excluded": true
      }
    },
    "CHO05": {
      "TCD": {
        "MAE": 1.4502774636154936,
        "MSE": 4.139120265521665,
        "RMSE": 2.034482800497872,
        "R²": 0.8247641099185495,
        "MAPE": 16.706478175873375,
        "N_points": 19,
        "Min_true": 0.6,
        "Max_true": 15.0,
        "Min_pred": 0.6,
        "Max_pred": 17.1557781298575
      },
      "Glucose": {
        "MAE": 0.30697960928790086,
        "MSE": 0.11853549169953163,
        "RMSE": 0.3442898367647986,
        "R²": 0.8509428991795635,
        "MAPE": 79.57554980509882,
        "N_points": 19,
        "Min_true": 0.3,
        "Max_true": 3.5,
        "Min_pred": 0.0,
        "Max_pred": 3.5
      },
      "Lactate": {
        "MAE": 0.5807660279149888,
        "MSE": 0.5343113609972705,